{
    "steps": [
        {
            "step": 0,
            "molecule": {
                "id": "74ef2dd0-355a-465a-912b-127e0268d548",
                "charge": 0,
                "multiplicity": 1,
                "_pbc": null,
                "_cell": null,
                "atoms": [
                    {
                        "nuclear_charge": 6,
                        "atomic_number": 6,
                        "element_symbol": "C",
                        "relative_isotopic_mass": 12.0,
                        "isotope_abundance": 98.93,
                        "nuclear_spin": 0.0,
                        "H0": 0.27233054970577225,
                        "multiplicity": 3,
                        "nuclear_mass": 12.0,
                        "xyz_coordinates": [
                            -0.04673461111108186,
                            0.6659347777777271,
                            0.0
                        ],
                        "energy_gradients": [
                            -1.0480289347469807e-05,
                            -5.9131067246198654e-05,
                            -8.847564458847046e-09
                        ]
                    },
                    {
                        "nuclear_charge": 1,
                        "atomic_number": 1,
                        "element_symbol": "H",
                        "relative_isotopic_mass": 1.00782503223,
                        "isotope_abundance": 99.9885,
                        "nuclear_spin": 0.5,
                        "H0": 0.08302982211229532,
                        "multiplicity": 2,
                        "nuclear_mass": 1.00782503223,
                        "xyz_coordinates": [
                            0.43738238888888425,
                            1.0728567777775875,
                            0.8893160000001574
                        ],
                        "energy_gradients": [
                            1.8927967175841331e-06,
                            -8.322385838255286e-07,
                            9.20402817428112e-06
                        ]
                    },
                    {
                        "nuclear_charge": 1,
                        "atomic_number": 1,
                        "element_symbol": "H",
                        "relative_isotopic_mass": 1.00782503223,
                        "isotope_abundance": 99.9885,
                        "nuclear_spin": 0.5,
                        "H0": 0.08302982211229532,
                        "multiplicity": 2,
                        "nuclear_mass": 1.00782503223,
                        "xyz_coordinates": [
                            0.43738238888888425,
                            1.0728567777775875,
                            -0.8893160000001574
                        ],
                        "energy_gradients": [
                            1.8856144379242323e-06,
                            -8.379902283195406e-07,
                            -9.192735888063908e-06
                        ]
                    },
                    {
                        "nuclear_charge": 1,
                        "atomic_number": 1,
                        "element_symbol": "H",
                        "relative_isotopic_mass": 1.00782503223,
                        "isotope_abundance": 99.9885,
                        "nuclear_spin": 0.5,
                        "H0": 0.08302982211229532,
                        "multiplicity": 2,
                        "nuclear_mass": 1.00782503223,
                        "xyz_coordinates": [
                            -1.0876796111108817,
                            0.9752327777778729,
                            0.0
                        ],
                        "energy_gradients": [
                            1.07672531157732e-06,
                            9.487161150900647e-06,
                            -2.9103830456733704e-10
                        ]
                    },
                    {
                        "nuclear_charge": 1,
                        "atomic_number": 1,
                        "element_symbol": "H",
                        "relative_isotopic_mass": 1.00782503223,
                        "isotope_abundance": 99.9885,
                        "nuclear_spin": 0.5,
                        "H0": 0.08302982211229532,
                        "multiplicity": 2,
                        "nuclear_mass": 1.00782503223,
                        "xyz_coordinates": [
                            0.8671993888887884,
                            -1.0551132222220343,
                            0.0
                        ],
                        "energy_gradients": [
                            2.279377804370597e-05,
                            -2.4472392397001386e-06,
                            6.83940015733242e-10
                        ]
                    },
                    {
                        "nuclear_charge": 8,
                        "atomic_number": 8,
                        "element_symbol": "O",
                        "relative_isotopic_mass": 15.99491461957,
                        "isotope_abundance": 99.757,
                        "nuclear_spin": 0.0,
                        "H0": 0.0949133080339756,
                        "multiplicity": 3,
                        "nuclear_mass": 15.99491461957,
                        "xyz_coordinates": [
                            -0.04673461111108186,
                            -0.7576802222224366,
                            0.0
                        ],
                        "energy_gradients": [
                            -1.7168931663036346e-05,
                            5.376120680011809e-05,
                            -2.066371962428093e-09
                        ]
                    }
                ],
                "electronic_states": [],
                "ani_gelu": {
                    "name": "ani_gelu",
                    "parent": null,
                    "children": [
                        "nn0",
                        "nn1",
                        "nn2",
                        "nn3",
                        "nn4",
                        "nn5",
                        "nn6",
                        "nn7"
                    ],
                    "energy": -0.8108686690860905,
                    "energy_gradients": [
                        [
                            -1.0480289347469807e-05,
                            -5.9131067246198654e-05,
                            -8.847564458847046e-09
                        ],
                        [
                            1.8927967175841331e-06,
                            -8.322385838255286e-07,
                            9.20402817428112e-06
                        ],
                        [
                            1.8856144379242323e-06,
                            -8.379902283195406e-07,
                            -9.192735888063908e-06
                        ],
                        [
                            1.07672531157732e-06,
                            9.487161150900647e-06,
                            -2.9103830456733704e-10
                        ],
                        [
                            2.279377804370597e-05,
                            -2.4472392397001386e-06,
                            6.83940015733242e-10
                        ],
                        [
                            -1.7168931663036346e-05,
                            5.376120680011809e-05,
                            -2.066371962428093e-09
                        ]
                    ]
                },
                "nn0": {
                    "name": "nn0",
                    "parent": "ani_gelu",
                    "children": null,
                    "energy": -0.8108645022190475,